chain,apr,blockTime,blockHeight,inflation,tokenBonded,tokenSupply,tokenCommunity,validatorsActive,validatorsInactive,validatorsTotal,txs,tps,tpb,accountsMonthly,accountsTotal,marketGeckoId,marketPrice,marketCap,marketCapRank,marketFullyDilutedValuation,marketVolume,marketHigh24h,marketLow24h,marketChange24h,marketChangePercentage24h,marketCapChange24h,marketCapChangePercentage24h,marketSupplyCirculating,marketSupplyTotal,marketSupplyMax,marketAth,marketAthDate,marketAtl,marketAtlDate,marketPriceChangePercentage1h,marketPriceChangePercentage24h,marketPriceChangePercentage7d,marketPriceChangePercentage14d,marketPriceChangePercentage30d,marketPriceChangePercentage1y,timestamp
shentu,0.302664,5.7652622000000004,26933676,0.1,45586406,153303920,17421701,115,120,235,15934859,0.5916332772399876,0.5916332772399876,1548,26755,certik,0.245126,36604103,790,37565106,792759,0.252554,0.242542,-0.00669124,-2.657,-1028426,-2.733,149381708,153303570,0,3.94,1617732620345,0.211993,1750624296963,-0.44,-2.657,-1.807,-1.814,-20.643,-74.55,1765152000000
shentu,0.302588,5.7655817,26918691,0.1,45586976,153267500,17418059,115,120,235,15934697,0.5919566073996688,0.5919566073996688,1548,26702,certik,0.251817,37616796,788,38595213,711080,0.252451,0.24676,0.00371192,1.496,565815,1.527,149381708,153267145,0,3.94,1617732620345,0.211993,1750624296963,-0.209,1.496,3.62,2.391,-10.52,-75.058,1765065600000
shentu,0.302029,5.7796934,26903706,0.1,45660568,153231092,17414418,115,120,235,15934575,0.5922817845244072,0.5922817845244072,1576,26668,certik,0.248028,37043661,785,37998147,1038701,0.256264,0.244072,-0.0062378,-2.453,-917640,-2.417,149381708,153230754,0,3.94,1617732620345,0.211993,1750624296963,-0.549,-2.453,0.395,0.055,-12.176,-73.914,1764979200000
shentu,0.30196,5.7659994,26888752,0.1,45660122,153194764,17410785,115,120,235,15934402,0.5926047441696067,0.5926047441696067,1576,26668,certik,0.254199,37961301,785,38930197,1924409,0.26059,0.251326,-0.00502496,-1.938,-796916,-2.056,149381708,153194414,0,3.94,1617732620345,0.211993,1750624296963,-0.06,-1.938,-1.834,-2.655,-6.111,-74.498,1764892800000
shentu,0.303905,5.7541806,26873759,0.1,45357149,153158354,17407143,115,120,235,15934209,0.5929281794928651,0.5929281794928651,1607,26595,certik,0.259211,38721516,785,39700379,4758812,0.259259,0.25147,0.00688841,2.73,1033481,2.742,149381708,153158010,0,3.94,1617732620345,0.211993,1750624296963,0.175,2.73,1.961,-1.126,-6.505,-73.677,1764806400000
shentu,0.303836,5.757096,26858742,0.1,45356621,153121893,17403497,115,120,235,15934030,0.593253027263898,0.593253027263898,1562,26559,certik,0.252299,37713559,785,38657738,5239324,0.256716,0.239871,0.00965932,3.981,1398850,3.852,149381708,153121558,0,3.94,1617732620345,0.211993,1750624296963,-0.248,3.981,1.775,-5.686,-14.182,-73.553,1764720000000
shentu,0.303838,5.767323,26843750,0.1,45345504,153085501,17399857,115,120,235,15933745,0.593573736903376,0.593573736903376,1530,26514,certik,0.242977,36314709,784,37215020,7521778,0.248005,0.231851,-0.00502786,-2.027,-737320,-1.99,149381708,153085163,0,3.94,1617732620345,0.211993,1750624296963,-0.1,-2.027,-3.208,-5.814,-18.602,-74.57,1764633600000
shentu,0.304839,5.7617534,26828770,0.1,45185870,153049144,17396222,113,121,234,15933438,0.593893719316987,0.593893719316987,1417,26405,certik,0.248197,37124773,803,38036132,4498858,0.251633,0.242812,0.0053413,2.199,853732,2.354,149381708,153048809,0,3.94,1617732620345,0.211993,1750624296963,-0.577,2.199,-0.584,-6.37,-14.33,-73.268,1764547200000
shentu,0.30477,5.7530218,26813767,0.1,45185444,153012744,17392581,113,121,234,15933207,0.5942174033212119,0.5942174033212119,1073,25847,certik,0.242915,36281033,821,37162842,2099849,0.250293,0.242351,-0.00510486,-2.058,-744281,-2.01,149381708,153012424,0,3.94,1617732620345,0.211993,1750624296963,-0.043,-2.058,-1.228,-7.531,-16.43,-73.293,1764460800000
shentu,0.304703,5.7605005,26798748,0.1,45184623,152976313,17388938,113,121,234,15932824,0.5945361328073984,0.5945361328073984,1072,25832,certik,0.248045,37025314,815,37916177,2997642,0.25617,0.245867,-0.00812493,-3.172,-1194229,-3.125,149381708,152975968,0,3.94,1617732620345,0.211993,1750624296963,0.255,-3.172,0.061,-6.1,-22.499,-72.306,1764374400000
shentu,0.304644,5.7680165,26783755,0.1,45182499,152939950,17385297,113,121,234,15931214,0.5948088309499545,0.5948088309499545,1136,25828,certik,0.256008,38272425,801,39183979,3369500,0.260917,0.254199,0.00077742,0.305,163615,0.429,149381708,152939611,0,3.94,1617732620345,0.211993,1750624296963,-0.224,0.305,-2.678,-5.57,-19.411,-70.552,1764288000000
shentu,0.304578,5.7815779,26768769,0.1,45181657,152903618,17381664,112,121,233,15931043,0.5951354356264944,0.5951354356264944,1168,25825,certik,0.255251,38108809,801,39007201,3564554,0.256352,0.246586,0.00363862,1.446,506610,1.347,149381708,152903289,0,3.94,1617732620345,0.211993,1750624296963,0.403,1.446,-3,-9.565,-22.795,-69.112,1764201600000
shentu,0.30661,5.7602896,26753801,0.1,44871539,152867336,17378035,111,122,233,15930925,0.5954639865939049,0.5954639865939049,1215,25824,certik,0.251597,37602199,801,38479522,2352972,0.252171,0.244173,0.00062798,0.25,70086,0.187,149381708,152867033,0,3.94,1617732620345,0.211993,1750624296963,0.712,0.25,-5.948,-12.641,-23.935,-70.666,1764115200000
shentu,0.304442,5.775432299999999,26738800,0.1,45180303,152830980,17374399,112,121,233,15930790,0.5957930049216869,0.5957930049216869,1215,25824,certik,0.251048,37532113,794,38398660,4558644,0.254715,0.24408,0.00480481,1.951,666241,1.807,149381708,152830655,0,3.94,1617732620345,0.211993,1750624296963,-0.044,1.951,-2.686,-14.801,-23.272,-71.115,1764028800000
shentu,0.304442,5.7743261,26723837,0.1,45169660,152794727,17370774,111,122,233,15930681,0.5961225178854369,0.5961225178854369,1249,25819,certik,0.246475,36865872,790,37708087,2131067,0.254946,0.244624,0.00064631,0.263,122991,0.335,149381708,152794391,0,3.94,1617732620345,0.211993,1750624296963,-0.865,0.263,-7.02,-18.516,-26.292,-69.79,1763942400000
shentu,0.304377,5.7749731,26708872,0.1,45168606,152758481,17367149,112,121,233,15930539,0.5964512091712447,0.5964512091712447,1271,25819,certik,0.245898,36742881,786,37573370,3521619,0.249386,0.239708,-0.00032341,-0.131,-27544,-0.075,149381708,152758142,0,3.94,1617732620345,0.211993,1750624296963,-0.712,-0.131,-6.395,-19.68,-23.795,-68.078,1763856000000
shentu,0.30431,5.7795256,26693913,0.1,45167772,152722252,17363527,112,121,233,15930408,0.5967805469359251,0.5967805469359251,1238,25787,certik,0.246282,36789797,792,37612426,7419907,0.265191,0.239041,-0.0126882,-4.899,-1848353,-4.784,149381708,152721918,0,3.94,1617732620345,0.211993,1750624296963,1.833,-4.899,-6.767,-20.268,-24.649,-68.201,1763769600000
shentu,0.303894,5.7784628,26678965,0.1,45218915,152686064,17359908,112,121,233,15930269,0.5971097079665572,0.5971097079665572,1256,25768,certik,0.258603,38638150,778,39492756,4509958,0.275223,0.257025,-0.00580041,-2.194,-821944,-2.083,149381708,152685761,0,3.94,1617732620345,0.211993,1750624296963,-1.908,-2.194,-4.612,-8.108,-29.559,-65.644,1763683200000
shentu,0.303828,5.7734803,26664011,0.1,45218039,152649865,17356288,112,121,233,15930087,0.5974377598329074,0.5974377598329074,1328,25760,certik,0.264163,39460093,775,40323311,4089844,0.26662,0.250481,-0.0017012,-0.64,-233329,-0.588,149381708,152649541,0,3.94,1617732620345,0.211993,1750624296963,0.763,-0.64,-6.407,-6.463,-31.181,-66.89,1763596800000
shentu,0.303786,5.7650657,26649035,0.1,45213493,152613626,17352664,112,121,233,15929950,0.5977683619688293,0.5977683619688293,1326,25718,certik,0.265718,39689687,784,40548296,4131418,0.270903,0.256976,0.00421831,1.613,727367,1.867,149381708,152613290,0,3.94,1617732620345,0.211993,1750624296963,-0.67,1.613,-6.501,-1.856,-32.425,-69.909,1763510400000
shentu,0.303716,5.774063900000001,26634050,0.1,45213163,152577369,17349038,113,120,233,15929806,0.5980992751759496,0.5980992751759496,1384,25699,certik,0.261227,39022504,788,39857215,2732619,0.278021,0.256087,-0.0095321,-3.521,-1414286,-3.498,149381708,152577057,0,3.94,1617732620345,0.211993,1750624296963,0.164,-3.521,-11.347,-5.778,-30.95,-68.158,1763424000000
shentu,0.303685,5.7759377,26619084,0.1,45207087,152541172,17345418,113,120,233,15929571,0.5984267152092837,0.5984267152092837,1429,25690,certik,0.270783,40455076,778,41310635,3827193,0.281481,0.258924,0.0060833,2.298,862373,2.178,149381708,152540886,0,3.94,1617732620345,0.211993,1750624296963,0.62,2.298,-10.479,-7.895,-31.477,-64.476,1763337600000
shentu,0.303563,5.7736943,26604117,0.1,45214560,152504978,17341799,113,120,233,15929387,0.5987564631444073,0.5987564631444073,1429,25690,certik,0.26488,39568454,800,40395680,1339957,0.267389,0.258806,0.00429239,1.647,549420,1.408,149381708,152504712,0,3.94,1617732620345,0.211993,1750624296963,0.503,1.647,-13.479,-11.264,-31.425,-62.082,1763251200000
shentu,0.303525,5.7835022,26589148,0.1,45209438,152468788,17338180,111,122,233,15929252,0.5990884702285308,0.5990884702285308,1444,25679,certik,0.261154,39019034,801,39825329,1553954,0.27359,0.257666,-0.01243572,-4.545,-1858674,-4.547,149381708,152468553,0,3.94,1617732620345,0.211993,1750624296963,-0.371,-4.545,-15.454,-9.858,-30.084,-61.871,1763164800000
shentu,0.303469,5.7738502,26574204,0.1,45207058,152432667,17334568,113,120,233,15929147,0.5994214163479742,0.5994214163479742,1620,25630,certik,0.273593,40877708,806,41712513,2080266,0.295416,0.265147,-0.00899968,-3.185,-1317535,-3.122,149381708,152432384,0,3.94,1617732620345,0.211993,1750624296963,0.713,-3.185,-2.782,-5.875,-27.618,-59.472,1763078400000
shentu,0.303402,5.7718752,26559237,0.1,45206333,152396499,17330951,113,120,233,15928949,0.5997517549167546,0.5997517549167546,1758,25615,certik,0.282481,42215108,799,43067015,2493986,0.298148,0.277779,-0.00127766,-0.45,-230175,-0.542,149381708,152396252,0,3.94,1617732620345,0.211993,1750624296963,-0.066,-0.45,0.024,-11.74,-24.979,-60.645,1762992000000
shentu,0.303336,5.7716186,26544271,0.1,45205416,152360342,17327335,113,120,233,15928774,0.6000833098788059,0.6000833098788059,1800,25590,certik,0.283486,42445283,792,43291557,3449233,0.305151,0.283513,-0.01467399,-4.922,-2047530,-4.602,149381708,152360083,0,3.94,1617732620345,0.211993,1750624296963,-1.569,-4.922,4.706,-10.761,-16.21,-62.243,1762905600000
shentu,0.303274,5.7724628,26529306,0.1,45203868,152324196,17323720,113,120,233,15928578,0.6004144247120524,0.6004144247120524,1843,25563,certik,0.297836,44492812,787,45369137,1262518,0.305627,0.292655,-0.00145908,-0.488,-165614,-0.371,149381708,152323913,0,3.94,1617732620345,0.211993,1750624296963,-0.908,-0.488,7.427,-9.915,-0.671,-56.407,1762819200000
shentu,0.304467,5.7719093,26514335,0.1,45016071,152288041,17320105,112,121,233,15928429,0.6007478218857837,0.6007478218857837,1894,25542,certik,0.299288,44706962,774,45576691,1258495,0.306403,0.291335,-0.00708641,-2.313,-1057640,-2.311,149381708,152287781,0,3.94,1617732620345,0.211993,1750624296963,-1.056,-2.313,1.8,-9.517,-0.614,-55.015,1762732800000
shentu,0.3044,5.7667164,26499366,0.1,45015408,152251905,17316490,112,121,233,15928266,0.6010810220893587,0.6010810220893587,1969,25523,certik,0.306447,45706933,761,46585056,2055790,0.30994,0.297879,0.00091821,0.301,93629,0.205,149381708,152251633,0,3.94,1617732620345,0.211993,1750624296963,0.098,0.301,2.661,-6.34,-12.324,-54.869,1762646400000
shentu,0.304585,5.7696969,26484378,0.1,44977282,152215730,17312873,112,121,233,15928102,0.6014149926420775,0.6014149926420775,1969,25523,certik,0.305169,45613304,775,46478584,1999289,0.309655,0.281504,0.01984409,6.955,3137734,7.387,149381708,152215464,0,3.94,1617732620345,0.211993,1750624296963,-1.204,6.955,5.335,-7.185,-15.862,-52.623,1762560000000
shentu,0.30454,5.772680599999999,26469404,0.1,44973333,152179596,17309260,112,121,233,15927953,0.6017495898283165,0.6017495898283165,2151,25490,certik,0.284832,42475570,774,43271062,1077828,0.286574,0.276418,0.00162481,0.574,159337,0.377,149381708,152179362,0,3.94,1617732620345,0.211993,1750624296963,1.49,0.574,-2.009,-12.006,-20.798,-55.165,1762473600000
shentu,0.304468,5.7650021,26454429,0.1,44973221,152143469,17305647,112,121,233,15927806,0.6020846641596385,0.6020846641596385,2248,25452,certik,0.283294,42311656,782,43093846,2564911,0.284926,0.260016,0.01202155,4.432,1842309,4.552,149381708,152143237,0,3.94,1617732620345,0.211993,1750624296963,0.214,4.432,-11.825,-13.967,-23.043,-53.977,1762387200000
shentu,0.304647,5.7662172,26439447,0.1,44936184,152107331,17302033,111,122,233,15927630,0.6024191807037417,0.6024191807037417,2409,25318,certik,0.270925,40469347,787,41207697,2694249,0.287002,0.256701,-0.00485947,-1.762,-726930,-1.765,149381708,152107128,0,3.94,1617732620345,0.211993,1750624296963,0.067,-1.762,-14.715,-27.53,-22.179,-56.657,1762300800000
shentu,0.304595,5.7611037,26424466,0.1,44933141,152071206,17298420,111,122,233,15927421,0.6027528049195015,0.6027528049195015,2561,25279,certik,0.275551,41170106,798,41911272,2423246,0.298092,0.264412,-0.02220932,-7.459,-3308076,-7.438,149381708,152070958,0,3.94,1617732620345,0.211993,1750624296963,0.193,-7.459,-15.847,-28.214,-21.715,-51.816,1762214400000
shentu,0.30918,5.7491974,26409454,0.1,44256216,152035018,17294801,108,125,233,15927211,0.603087477688861,0.603087477688861,2695,25275,certik,0.297813,44478181,809,45268127,1428023,0.302304,0.28675,-0.00239805,-0.799,-292369,-0.653,149381708,152034772,0,3.94,1617732620345,0.211993,1750624296963,1.298,-0.799,-8.9,-24.263,-18.019,-48.726,1762128000000
shentu,0.308694,5.7514127,26394420,0.1,44315354,151998780,17291178,108,125,233,15927018,0.6034236781865258,0.6034236781865258,2801,25262,certik,0.300049,44770549,810,45554833,1622940,0.303682,0.287125,0.01050223,3.627,1528509,3.535,149381708,151998554,0,3.94,1617732620345,0.211993,1750624296963,0.518,3.627,-8.295,-20.162,-16.597,-49.156,1762041600000
shentu,0.308617,5.7496108999999995,26379391,0.1,44315876,151962566,17287556,108,125,233,15926793,0.6037589343893496,0.6037589343893496,2833,25236,certik,0.289515,43242041,819,43989050,1560305,0.304486,0.288829,-0.00439325,-1.495,-662544,-1.509,149381708,151962287,0,3.94,1617732620345,0.211993,1750624296963,-0.069,-1.495,-11.947,-27.466,-16.708,-53.147,1761955200000
shentu,0.30855,5.7509223,26364356,0.1,44314991,151926348,17283934,108,125,233,15926572,0.6040948620174906,0.6040948620174906,2874,25196,certik,0.293973,43904584,804,44652402,2204349,0.31912,0.285914,-0.02039882,-6.489,-3054340,-6.504,149381708,151926095,0,3.94,1617732620345,0.211993,1750624296963,0.87,-6.489,-8.896,-23.893,-9.102,-59.477,1761868800000
shentu,0.308404,5.7602318,26349337,0.1,44325397,151890173,17280317,109,124,233,15926320,0.6044296294817588,0.6044296294817588,2874,25196,certik,0.314322,46952698,787,47741067,1197969,0.323838,0.313087,-0.00263986,-0.833,-398929,-0.842,149381708,151889932,0,3.94,1617732620345,0.211993,1750624296963,-1.791,-0.833,-4.544,-13.787,-6.425,-48.377,1761782400000
shentu,0.308691,5.7382287,26334324,0.1,44273664,151853298,17276702,108,125,233,15926095,0.6047656662840482,0.6047656662840482,3025,25086,certik,0.316989,47351627,787,48135230,2607033,0.331198,0.313049,-0.01085874,-3.312,-1635471,-3.339,149381708,151853767,0,3.94,1617732620345,0.211993,1750624296963,-0.215,-3.312,-15.209,-17.541,-3.721,-47.489,1761696000000
shentu,0.309806,5.7438775,26319264,0.1,44103669,151817039,17273076,107,126,233,15925907,0.6051045728330398,0.6051045728330398,3096,25047,certik,0.327934,48980641,773,49779316,1483310,0.335204,0.322665,-0.00340104,-1.026,-590642,-1.192,149381708,151817515,0,3.94,1617732620345,0.211993,1750624296963,-0.073,-1.026,-14.567,-12.908,-1.331,-40.863,1761609600000
shentu,0.327396,5.7371955,26304215,0.1,41724201,151780819,17269454,102,131,233,15925615,0.6054396605258892,0.6054396605258892,3135,24979,certik,0.331574,49537980,776,50333731,3844330,0.332086,0.311634,0.0032721,0.997,597428,1.221,149381708,151781294,0,3.94,1617732620345,0.211993,1750624296963,0.249,0.997,-15.678,-2.206,-0.581,-39.108,1761523200000
shentu,0.32732,5.7557483,26289164,0.1,41723978,151744604,17265832,102,131,233,15925423,0.6057789817888465,0.6057789817888465,3177,24961,certik,0.327965,48940552,768,49714837,4747036,0.338621,0.321221,-0.00790978,-2.355,-1222236,-2.437,149381708,151745064,0,3.94,1617732620345,0.211993,1750624296963,-0.143,-2.355,-12.734,9.82,3.01,-41.211,1761436800000
shentu,0.334899,5.8844166,26274147,0.1,40769942,151708481,17262219,98,135,233,15925247,0.6061185164260519,0.6061185164260519,3525,24856,certik,0.335892,50177084,752,50958829,5885126,0.335944,0.313674,0.01087119,3.345,1657853,3.417,149381708,151709032,0,3.94,1617732620345,0.211993,1750624296963,0.448,3.345,-15.847,8.083,-2.912,-40.268,1761350400000
shentu,0.304368,5.8039519,26259397,0.1,44849153,151673017,17258673,114,119,233,15925060,0.6064518541686239,0.6064518541686239,3525,24856,certik,0.32481,48398593,755,49141118,5587711,0.341685,0.321643,-0.0069744,-2.102,-1163428,-2.347,149381708,151673505,0,3.94,1617732620345,0.211993,1750624296963,0.677,-2.102,-16.502,-7.071,-9.757,-41.35,1761264000000
shentu,0.303765,5.811098599999999,26244506,0.1,44927495,151637207,17255092,115,118,233,15924877,0.6067889789962135,0.6067889789962135,5375,24850,certik,0.331892,49562020,732,50310515,3279667,0.365164,0.325603,-0.03077829,-8.487,-4603198,-8.498,149381708,151637700,0,3.94,1617732620345,0.211993,1750624296963,1.544,-8.487,-8.968,-8.494,-4.903,-43.901,1761177600000
shentu,0.3037,5.8097899,26229643,0.1,44926576,151601480,17251519,115,118,233,15924724,0.6071269822467656,0.6071269822467656,5689,24826,certik,0.362618,54160134,706,54964576,2925703,0.387182,0.362624,-0.02008568,-5.248,-3031641,-5.301,149381708,151601987,0,3.94,1617732620345,0.211993,1750624296963,-1.446,-5.248,-4.066,0.925,-3.348,-48.219,1761091200000
shentu,0.303625,5.8037887,26214754,0.1,44927017,151565694,17247940,115,118,233,15924551,0.6074652083326817,0.6074652083326817,5918,24763,certik,0.382711,57191775,699,58028120,2278193,0.405238,0.376722,-0.00873713,-2.232,-1393150,-2.378,149381708,151566196,0,3.94,1617732620345,0.211993,1750624296963,-0.297,-2.232,1.924,3.964,4.631,-34.056,1761004800000
shentu,0.303489,5.8005907,26199868,0.1,44936571,151529929,17244364,115,118,233,15924332,0.6078019935062269,0.6078019935062269,6105,24724,certik,0.391467,58584924,695,59427598,1808739,0.401273,0.366372,0.0127362,3.363,2009769,3.552,149381708,151530383,0,3.94,1617732620345,0.211993,1750624296963,-1.713,3.363,15.706,12.431,10.547,-29.096,1760918400000
shentu,0.303425,5.8018089999999995,26184975,0.1,44935447,151494150,17240786,115,118,233,15924069,0.6081376438205498,0.6081376438205498,6197,24642,certik,0.378775,56575156,694,57375371,2674781,0.388535,0.365709,-0.0067471,-1.75,-1071939,-1.859,149381708,151494607,0,3.94,1617732620345,0.211993,1750624296963,0.121,-1.75,26.834,7.611,6.189,-30.712,1760832000000
shentu,0.303356,5.7975408,26170080,0.1,44935010,151458380,17237208,115,118,233,15923876,0.6084763974737563,0.6084763974737563,6197,24642,certik,0.385979,57748942,682,58551929,6168279,0.406475,0.357728,-0.0015362,-0.396,-359767,-0.619,149381708,151458829,0,3.94,1617732620345,0.211993,1750624296963,-2.326,-0.396,28.174,5.968,12.375,-27.463,1760745600000
shentu,0.303288,5.7990619,26155185,0.1,44934561,151422614,17233632,115,118,233,15923587,0.6088118665572428,0.6088118665572428,6400,24540,certik,0.387706,57916502,692,58707958,10548732,0.416837,0.378368,0.00933805,2.468,1410052,2.495,149381708,151423080,0,3.94,1617732620345,0.211993,1750624296963,0.274,2.468,10.924,7.868,15.166,-28.78,1760659200000
shentu,0.303224,5.807288,26140285,0.1,44933420,151386849,17230055,115,118,233,15923254,0.6091461512374483,0.6091461512374483,6400,24540,certik,0.378129,56519680,702,57278524,6116891,0.388363,0.353045,-0.00084104,-0.222,-178317,-0.315,149381708,151387334,0,3.94,1617732620345,0.211993,1750624296963,1.232,-0.222,4.254,8.786,14.76,-31.295,1760572800000
shentu,0.303153,5.8025737,26125405,0.1,44933278,151351135,17226483,115,118,233,15923075,0.6094862452850013,0.6094862452850013,6438,24394,certik,0.379984,56697997,728,57445676,5971585,0.397151,0.348442,0.0004481,0.118,68976,0.122,149381708,151351611,0,3.94,1617732620345,0.211993,1750624296963,0.643,0.118,5.759,17.493,9.773,-34.759,1760486400000
shentu,0.303918,5.8022201,26110511,0.1,44809651,151315404,17222910,115,118,233,15922719,0.6098202750608749,0.6098202750608749,6386,24405,certik,0.379349,56629021,735,57362234,3763434,0.379178,0.333762,0.04274848,12.7,6347080,12.623,149381708,151315853,0,3.94,1617732620345,0.211993,1750624296963,0.747,12.7,3.355,12.934,5.834,-32.189,1760400000000
shentu,0.305555,5.8150547,26095629,0.1,44559100,151279707,17219340,115,118,233,15922276,0.6101510716603152,0.6101510716603152,6344,24362,certik,0.336595,50281941,775,50920954,1889588,0.340342,0.293504,0.03663479,12.213,5435660,12.121,149381708,151280141,0,3.94,1617732620345,0.211993,1750624296963,-0.512,12.213,-3.316,0.756,-4.564,-40.072,1760313600000
shentu,0.305366,5.8050583,26080769,0.1,44576086,151244062,17215775,115,118,233,15921843,0.6104821142352053,0.6104821142352053,6352,24212,certik,0.300168,44846281,785,45405531,2261514,0.309859,0.285528,-0.00358037,-1.179,-727315,-1.596,149381708,151244554,0,3.94,1617732620345,0.211993,1750624296963,0.167,-1.179,-14.721,-9.685,-13.618,-46.324,1760227200000
shentu,0.305372,5.8055123,26065885,0.1,44564712,151208378,17212207,114,119,233,15921514,0.6108180865525955,0.6108180865525955,6357,24122,certik,0.30639,45869651,787,46430709,5518677,0.360702,0.278378,-0.04491471,-12.785,-6552782,-12.5,149381708,151208883,0,3.94,1617732620345,0.211993,1750624296963,1.744,-12.785,-15.882,-8.133,-8.78,-42.951,1760140800000
shentu,0.304287,5.812614,26050996,0.1,44713055,151172685,17208637,115,118,233,15921242,0.6111567480951592,0.6111567480951592,6357,24122,certik,0.351017,52422433,798,53051095,2064081,0.36134,0.34023,-0.00903988,-2.511,-1369780,-2.546,149381708,151173128,0,3.94,1617732620345,0.211993,1750624296963,-0.413,-2.511,-2.34,10.398,6.181,-32.942,1760054400000
shentu,0.302993,5.8090718,26036134,0.1,44893394,151137077,17205076,116,117,233,15920968,0.6114950860216036,0.6114950860216036,6349,23983,certik,0.360057,53792212,810,54424509,2554715,0.367657,0.352461,0.00332467,0.932,505692,0.949,149381708,151137604,0,3.94,1617732620345,0.211993,1750624296963,-0.727,0.932,3.587,4.073,10.221,-34.854,1759968000000
shentu,0.306541,5.8067256,26021260,0.1,44363401,151101429,17201511,115,118,233,15920693,0.6118340541541801,0.6118340541541801,6335,23855,certik,0.356907,53252927,808,53866150,3213195,0.380825,0.354954,-0.00846531,-2.317,-1360707,-2.492,149381708,151101882,0,3.94,1617732620345,0.211993,1750624296963,-0.664,-2.317,10.108,-0.84,10.516,-35.334,1759881600000
shentu,0.302706,5.798883200000001,26006375,0.1,44914820,151065774,17197945,116,117,233,15920408,0.6121732844350664,0.6121732844350664,6288,23721,certik,0.365389,54613634,816,55229482,1591534,0.368737,0.346457,0.01641084,4.703,2438300,4.673,149381708,151066205,0,3.94,1617732620345,0.211993,1750624296963,-0.448,4.703,8.778,4.695,14.262,-33.229,1759795200000
shentu,0.302805,5.8055468,25991487,0.1,44889551,151030119,17194380,116,117,233,15920079,0.6125112810975378,0.6125112810975378,6143,23532,certik,0.348982,52175333,823,52751232,2473578,0.373484,0.347259,-0.00087278,-0.249,-147455,-0.282,149381708,151030548,0,3.94,1617732620345,0.211993,1750624296963,0.229,-0.249,4.464,-6.983,7.945,-33.699,1759708800000
shentu,0.302749,5.8258256,25976608,0.1,44887297,150994502,17190818,116,117,233,15919655,0.6128457957251385,0.6128457957251385,6075,23245,certik,0.350007,52322788,819,52887325,1094555,0.364238,0.347769,-0.01382889,-3.801,-2027036,-3.73,149381708,150995012,0,3.94,1617732620345,0.211993,1750624296963,-0.562,-3.801,5.31,-4.31,9.069,-34.102,1759622400000
shentu,0.302683,5.812082299999999,25961772,0.1,44886438,150958984,17187266,116,117,233,15919181,0.6131777522736122,0.6131777522736122,6124,23110,certik,0.363806,54349823,806,54923841,1909417,0.368397,0.349342,0.00360694,1.001,519530,0.965,149381708,150959407,0,3.94,1617732620345,0.211993,1750624296963,-0.119,1.001,9.083,2.736,8.693,-29.1,1759536000000
shentu,0.303636,5.8250901,25946912,0.1,44735023,150923424,17183709,115,118,233,15918714,0.6135109256932,0.6135109256932,6124,23110,certik,0.360216,53809584,805,54365092,2417116,0.362135,0.347856,0.01032109,2.95,1633412,3.131,149381708,150923864,0,3.94,1617732620345,0.211993,1750624296963,0.22,2.95,13.291,0.986,8.953,-30.52,1759449600000
shentu,0.30254,5.8358942,25932081,0.1,44886549,150887937,17180160,116,117,233,15918296,0.6138456840390094,0.6138456840390094,6107,22875,certik,0.349518,52176172,797,52702267,1938279,0.349273,0.31804,0.03147771,9.897,4673830,9.839,149381708,150887930,0,3.94,1617732620345,0.211993,1750624296963,0.555,9.897,1.026,3.455,12.657,-34.81,1759363200000
shentu,0.302464,5.8188964,25917274,0.1,44887303,150852518,17176618,116,117,233,15917880,0.6141803339348112,0.6141803339348112,6228,22758,certik,0.317991,47486484,828,47954154,5200037,0.334591,0.317266,-0.01660004,-4.961,-2549293,-5.095,149381708,150852891,0,3.94,1617732620345,0.211993,1750624296963,-1.65,-4.961,-11.652,-5.42,-3.961,-41.357,1759276800000
shentu,0.302414,5.8009367,25902414,0.1,44884179,150816981,17173064,116,117,233,15917545,0.6145197509390438,0.6145197509390438,6175,22607,certik,0.334642,50035776,806,50516577,5144727,0.33957,0.327486,0.00007545,0.023,68092,0.136,149381708,150817139,0,3.94,1617732620345,0.211993,1750624296963,-0.495,0.023,-4.576,1.837,0.333,-42.586,1759190400000
shentu,0.302294,5.8059952,25887522,0.1,44891336,150781371,17169503,116,117,233,15917281,0.6148630602805475,0.6148630602805475,6184,22515,certik,0.334577,49979728,802,50448123,5343954,0.337936,0.319453,0.00424395,1.285,663052,1.344,149381708,150781667,0,3.94,1617732620345,0.211993,1750624296963,0.222,1.285,-10.822,-3.344,0.387,-40.968,1759104000000
shentu,0.301628,5.808053,25872642,0.1,44979897,150745812,17165947,117,116,233,15916928,0.6152030395658858,0.6152030395658858,6200,22347,certik,0.33033,49316676,800,49767045,3288047,0.336356,0.328989,-0.00146271,-0.441,-246901,-0.498,149381708,150745891,0,3.94,1617732620345,0.211993,1750624296963,-0.762,-0.441,-9.665,-8.039,-5.576,-43.625,1759017600000
shentu,0.301901,5.8085808,25857764,0.1,44928626,150710250,17162390,116,117,233,15916549,0.6155423570266942,0.6155423570266942,6212,22284,certik,0.332212,49563576,798,50004388,6490607,0.338142,0.309929,0.01539936,4.861,2267036,4.793,149381708,150710290,0,3.94,1617732620345,0.211993,1750624296963,-0.652,4.861,-5.539,-5.588,-3.835,-42.228,1758931200000
shentu,0.301847,5.8089498,25842883,0.1,44925988,150674698,17158835,116,117,233,15916101,0.61587946669882,0.61587946669882,6212,22284,certik,0.316718,47310745,814,47720373,6659848,0.348149,0.316546,-0.02966546,-8.564,-4397965,-8.505,149381708,150675092,0,3.94,1617732620345,0.211993,1750624296963,-0.389,-8.564,-11.209,-8.855,-6.432,-46.031,1758844800000
shentu,0.301784,5.8105067,25828006,0.1,44924805,150639162,17155281,116,117,233,15915786,0.616222018842647,0.616222018842647,6288,22223,certik,0.346234,51708709,790,52143971,8840126,0.374009,0.345488,-0.01295162,-3.606,-1954789,-3.643,149381708,150639141,0,3.94,1617732620345,0.211993,1750624296963,0.077,-3.606,2.483,3,6.574,-41.171,1758758400000
shentu,0.301875,5.8204322,25813132,0.1,44900689,150603640,17151729,114,119,233,15915453,0.6165641968591801,0.6165641968591801,4892,20712,certik,0.359029,53663498,766,54102453,5895181,0.364966,0.334255,0.00914358,2.613,1347187,2.575,149381708,150603616,0,3.94,1617732620345,0.211993,1750624296963,-0.25,2.613,6.786,8.769,3.494,-35.905,1758672000000
shentu,0.301807,5.7867073,25798277,0.1,44900143,150568171,17148181,115,118,233,15914779,0.6168930971630392,0.6168930971630392,4426,20046,certik,0.350133,52316311,786,52731879,9894634,0.383678,0.343916,-0.02362442,-6.321,-3492943,-6.259,149381708,150568302,0,3.94,1617732620345,0.211993,1750624296963,0.252,-6.321,6.264,6.662,1.986,-37.454,1758585600000
shentu,0.30174,5.7921841,25783353,0.1,44899543,150532548,17144618,116,117,233,15912035,0.6171437438722575,0.6171437438722575,4153,19678,certik,0.373616,55809254,780,56239292,12202016,0.388334,0.362466,-0.00289131,-0.768,-604769,-1.072,149381708,150532770,0,3.94,1617732620345,0.211993,1750624296963,-0.565,-0.768,7.934,15.691,7.752,-42.624,1758499200000
shentu,0.296605,5.7884107,25768434,0.1,45666070,150496945,17141057,117,116,233,15910960,0.61745933027983,0.61745933027983,3916,19485,certik,0.378317,56414022,777,56835262,12898165,0.376508,0.351314,0.023,6.473,3338935,6.291,149381708,150497131,0,3.94,1617732620345,0.211993,1750624296963,3.492,6.473,5.321,18.305,19.211,-29.271,1758412800000
shentu,0.296539,5.791637799999999,25753507,0.1,45665483,150461332,17137495,117,116,233,15910039,0.6177814539977021,0.6177814539977021,3812,19386,certik,0.35524,52828604,811,53210492,5718831,0.360397,0.341223,-0.00348111,-0.97,-692878,-1.295,149381708,150461561,0,3.94,1617732620345,0.211993,1750624296963,-0.007,-0.97,0.722,9.881,8.881,-34.382,1758326400000
shentu,0.29649,5.7929313,25738586,0.1,45662192,150425746,17133936,117,116,233,15908949,0.6180972412392818,0.6180972412392818,3812,19386,certik,0.358719,53576815,816,53951381,5778841,0.359912,0.339422,0.01807589,5.306,2694472,5.295,149381708,150426065,0,3.94,1617732620345,0.211993,1750624296963,0.04,5.306,3.232,11.784,13.929,-29.544,1758240000000
shentu,0.296425,5.797472,25723669,0.1,45661351,150390176,17130379,117,116,233,15908107,0.6184229395892165,0.6184229395892165,3643,19088,certik,0.340657,50825373,827,51168571,8487148,0.34372,0.324977,0.00529912,1.58,694597,1.386,149381708,150390407,0,3.94,1617732620345,0.211993,1750624296963,-0.735,1.58,1.422,1.777,1.959,-32.075,1758153600000
shentu,0.296372,5.8060645,25708765,0.1,45658806,150354638,17126825,117,116,233,15907632,0.6187629783072038,0.6187629783072038,3643,19088,certik,0.335338,50097271,827,50423689,5642516,0.336808,0.323046,0.00665354,2.024,1019377,2.077,149381708,150355033,0,3.94,1617732620345,0.211993,1750624296963,-0.419,2.024,1.438,1.428,-3.482,-31.435,1758067200000
shentu,0.296321,5.7830762,25693871,0.1,45655782,150319139,17123274,117,116,233,15907323,0.6191096312424079,0.6191096312424079,3511,18709,certik,0.328632,49077894,826,49385922,5913188,0.348141,0.32019,-0.01243078,-3.645,-1909540,-3.745,149381708,150319273,0,3.94,1617732620345,0.211993,1750624296963,-0.198,-3.645,0.112,5.925,-6.459,-36.854,1757980800000
shentu,0.296267,5.7749239,25678928,0.1,45653390,150283525,17119713,117,116,233,15906866,0.6194521048542213,0.6194521048542213,3475,18614,certik,0.341125,50948550,826,51256124,3270563,0.360186,0.338438,-0.01674229,-4.678,-2499840,-4.677,149381708,150283520,0,3.94,1617732620345,0.211993,1750624296963,-1.484,-4.678,6.566,2.078,0.641,-36.1,1757894400000
shentu,0.296196,5.7773883,25663969,0.1,45653425,150247886,17116149,117,116,233,15906545,0.6198006629450028,0.6198006629450028,3463,18421,certik,0.357862,53448389,816,53758395,2691126,0.360276,0.350828,0.00467453,1.324,688811,1.306,149381708,150248138,0,3.94,1617732620345,0.211993,1750624296963,-0.107,1.324,11.909,7.295,7.473,-34.198,1757808000000
shentu,0.295848,5.7767027,25649014,0.1,45696344,150212270,17112587,118,115,233,15906218,0.6201492969671271,0.6201492969671271,3463,18421,certik,0.353186,52759578,817,53052949,1665797,0.353233,0.34287,0.00444367,1.274,668746,1.284,149381708,150212348,0,3.94,1617732620345,0.211993,1750624296963,0.149,1.274,9.245,5.97,-3.678,-33.808,1757721600000
shentu,0.295787,5.7771229,25634060,0.1,45694872,150176652,17109025,118,115,233,15905899,0.6204986256566459,0.6204986256566459,3480,18269,certik,0.348729,52095514,808,52372769,6999236,0.36238,0.334889,0.01283872,3.822,1939726,3.867,149381708,150176724,0,3.94,1617732620345,0.211993,1750624296963,0.506,3.822,9.053,-0.317,-1.877,-35.672,1757635200000
shentu,0.295693,5.773585300000001,25619100,0.1,45698581,150141041,17105464,118,115,233,15905552,0.6208474146242452,0.6208474146242452,3480,18269,certik,0.335891,50155788,815,50410803,1661649,0.33969,0.328002,0.00559213,1.693,815957,1.654,149381708,150141234,0,3.94,1617732620345,0.211993,1750624296963,0.06,1.693,0.353,-2.77,-2.125,-37.386,1757548800000
shentu,0.295652,5.7784171,25604134,0.1,45694032,150105422,17101901,118,115,233,15905270,0.6211992953950327,0.6211992953950327,3445,18099,certik,0.330285,49339831,811,49578992,1514470,0.340529,0.324554,0.00304447,0.93,475998,0.974,149381708,150105795,0,3.94,1617732620345,0.211993,1750624296963,-0.068,0.93,-0.101,-2.424,-9.636,-38.636,1757462400000
shentu,0.295576,5.7761218,25589173,0.1,45695028,150069818,17098341,117,115,232,15904973,0.6215508801319996,0.6215508801319996,3450,17915,certik,0.327177,48863832,825,49089008,1361403,0.333552,0.321219,0.00220303,0.678,316128,0.651,149381708,150070094,0,3.94,1617732620345,0.211993,1750624296963,0.234,0.678,4.738,0.708,-7.361,-34.639,1757376000000
shentu,0.295449,5.7697155,25574208,0.1,45703761,150034215,17094780,117,115,232,15904665,0.6219025433749502,0.6219025433749502,3408,17833,certik,0.324701,48547704,821,48759800,1641318,0.327378,0.319358,0.00347746,1.083,549955,1.146,149381708,150034329,0,3.94,1617732620345,0.211993,1750624296963,0.597,1.083,-1.934,-6.401,-2.769,-34.847,1757289600000
shentu,0.296388,5.7704827,25559235,0.1,45548217,149998602,17091219,116,116,232,15904388,0.622256026050858,0.622256026050858,3354,17757,certik,0.321045,47997750,822,48196043,940664,0.324611,0.317099,-0.00254628,-0.787,-272796,-0.565,149381708,149998849,0,3.94,1617732620345,0.211993,1750624296963,0.314,-0.787,-4.161,-7.434,-1.567,-33.87,1757203200000
shentu,0.296319,5.7724508000000005,25544264,0.1,45547937,149963004,17087659,116,116,232,15904093,0.6226091697141871,0.6226091697141871,3325,17673,certik,0.32368,48341646,817,48529754,1207376,0.329719,0.319445,0.00277157,0.864,400710,0.836,149381708,149962985,0,3.94,1617732620345,0.211993,1750624296963,0.119,0.864,-2.883,-6.65,2.558,-34.579,1757116800000
shentu,0.29624,5.7697307,25529292,0.1,45549303,149927403,17084099,116,116,232,15903781,0.6229620860617678,0.6229620860617678,3281,17420,certik,0.320984,47957453,819,48132735,1389933,0.33444,0.316897,-0.01314157,-3.933,-1926955,-3.863,149381708,149927691,0,3.94,1617732620345,0.211993,1750624296963,0.448,-3.933,-8.844,1.145,3.282,-36.213,1757030400000
shentu,0.296188,5.7689307,25514271,0.1,45546446,149891803,17080539,115,116,231,15903533,0.6233191220709383,0.6233191220709383,3168,17320,certik,0.334145,49884408,811,50054880,846988,0.33653,0.326283,0.00338756,1.024,509004,1.031,149381708,149892196,0,3.94,1617732620345,0.211993,1750624296963,-0.02,1.024,-3.275,2.415,-0.051,-31.181,1756944000000
shentu,0.296128,5.7688625,25499332,0.1,45544922,149856200,17076978,115,116,231,15903213,0.6236717495187717,0.6236717495187717,3176,17197,certik,0.330744,49375404,800,49532368,1102339,0.331111,0.314673,0.01565093,4.967,2285392,4.853,149381708,149856590,0,3.94,1617732620345,0.211993,1750624296963,-0.097,4.967,-1.974,5.044,3.267,-35.761,1756857600000
shentu,0.295099,5.7676117,25484353,0.1,45692932,149820617,17073419,116,115,231,15902692,0.6240178826592144,0.6240178826592144,3125,16942,certik,0.315124,47090011,810,47228439,1940690,0.334717,0.310038,-0.01128902,-3.458,-1687483,-3.46,149381708,149820836,0,3.94,1617732620345,0.211993,1750624296963,1.013,-3.459,-3.002,-5.683,1.277,-34.878,1756771200000
shentu,0.293778,5.7702933,25469376,0.1,45887380,149785045,17069862,117,114,231,15902311,0.6243698707027608,0.6243698707027608,3064,17015,certik,0.326519,48776459,807,48908173,1643898,0.341127,0.326522,-0.00921791,-2.746,-1435239,-2.858,149381708,149785091,0,3.94,1617732620345,0.211993,1750624296963,-1.41,-2.746,-5.877,-5.816,6.207,-35.522,1756684800000
shentu,0.293728,5.7678998,25454400,0.1,45884302,149749487,17066306,117,114,231,15901932,0.6247223269847256,0.6247223269847256,3039,17046,certik,0.335881,50211698,792,50335411,920319,0.338356,0.327192,0.00278079,0.835,442997,0.89,149381708,149749760,0,3.94,1617732620345,0.211993,1750624296963,0.351,0.835,-3.156,-4.396,4.263,-33.671,1756598400000
shentu,0.29366,5.7780913,25439422,0.1,45884115,149713927,17062750,118,113,231,15901573,0.6250760335671148,0.6250760335671148,2959,17108,certik,0.332463,49725306,794,49836024,1874839,0.353032,0.325,-0.02056905,-5.826,-3120168,-5.904,149381708,149714321,0,3.94,1617732620345,0.211993,1750624296963,-0.013,-5.826,-4.116,-3.249,-0.044,-37.459,1756512000000
shentu,0.293569,5.7660599,25424468,0.1,45887341,149678435,17059200,118,113,231,15901236,0.6254304318186716,0.6254304318186716,2959,17108,certik,0.35308,52845473,779,52950501,4910762,0.364458,0.342629,0.01020002,2.975,1537366,2.996,149381708,149678596,0,3.94,1617732620345,0.211993,1750624296963,0.271,2.975,11.258,6.036,0.768,-34.524,1756425600000
shentu,0.293505,5.7644081,25409481,0.1,45886473,149642875,17055644,118,113,231,15900658,0.6257765752869963,0.6257765752869963,2805,16782,certik,0.343307,51259873,783,51349600,5631003,0.353595,0.33253,0.00696198,2.07,1027217,2.045,149381708,149643191,0,3.94,1617732620345,0.211993,1750624296963,-0.742,2.07,5.223,-7.051,-1.592,-38.422,1756339200000
shentu,0.293437,5.7643869,25394494,0.1,45886209,149607319,17052088,118,113,231,15900302,0.6261318693729436,0.6261318693729436,2805,16782,certik,0.336224,50232655,802,50308557,2828011,0.339684,0.32227,0.00981157,3.006,1420313,2.91,149381708,149607426,0,3.94,1617732620345,0.211993,1750624296963,-0.307,3.006,6.784,-5.395,-9.802,-41.314,1756252800000
shentu,0.29338,5.7685132,25379506,0.1,45884286,149571772,17048533,118,113,231,15899971,0.6264885928039734,0.6264885928039734,2606,16531,certik,0.326726,48812342,802,48874563,5829904,0.363795,0.323019,-0.01821131,-5.28,-2679012,-5.203,149381708,149572125,0,3.94,1617732620345,0.211993,1750624296963,-0.741,-5.28,-2.359,-4.796,-14.331,-48.9,1756166400000
shentu,0.29418,5.7701529,25364526,0.1,45748590,149536252,17044981,118,113,231,15899482,0.6268393109337033,0.6268393109337033,2493,16350,certik,0.344749,51650841,797,51704314,16706414,0.375067,0.343507,-0.00190857,-0.551,-263985,-0.508,149381708,149536361,0,3.94,1617732620345,0.211993,1750624296963,-0.438,-0.551,-0.557,-5.678,-5.363,-44.909,1756080000000
shentu,0.292843,5.7775638,25349542,0.1,45946609,149500736,17041429,117,114,231,15898915,0.6271874655565769,0.6271874655565769,2402,16243,certik,0.346516,51904812,798,51946207,4778974,0.348588,0.337401,-0.00155888,-0.448,-89015,-0.171,149381708,149500842,0,3.94,1617732620345,0.211993,1750624296963,-0.034,-0.448,-1.369,-1.885,-5.058,-45.408,1755993600000
shentu,0.292139,5.766867899999999,25334579,0.1,46046379,149465270,17037882,118,113,231,15898471,0.627540366863803,0.627540366863803,2325,16151,certik,0.34826,51993827,802,52022903,4952751,0.35115,0.306304,0.0334331,10.62,5007633,10.658,149381708,149465247,0,3.94,1617732620345,0.211993,1750624296963,0.439,10.62,2.746,4.286,-7.379,-44.255,1755907200000
shentu,0.292079,5.7755017,25319601,0.1,46044950,149429778,17034332,118,113,231,15898044,0.627894728672857,0.627894728672857,2258,15947,certik,0.314799,46965736,816,46980848,3910092,0.328171,0.312594,-0.00982011,-3.025,-1546388,-3.188,149381708,149429773,0,3.94,1617732620345,0.211993,1750624296963,-0.804,-3.025,-5.46,-3.055,-27.396,-47.414,1755820800000
shentu,0.292006,5.775751799999999,25304645,0.1,46045540,149394353,17030790,118,113,231,15897669,0.6282510187358882,0.6282510187358882,2154,15802,certik,0.324377,48512124,809,48516306,5323651,0.326713,0.310147,0.01333118,4.286,2871584,6.292,149381708,149394588,0,3.94,1617732620345,0.211993,1750624296963,-0.581,4.286,-12.177,2.779,-24.048,-47.07,1755734400000
shentu,0.291937,5.7731381,25289681,0.1,46045426,149358911,17027245,118,113,231,15897315,0.6286087594382863,0.6286087594382863,2154,15802,certik,0.310835,45640540,817,46426121,4886475,0.335506,0.311045,-0.02070269,-6.244,-2973846,-6.117,146831867,149359188,0,3.94,1617732620345,0.211993,1750624296963,-1.457,-6.244,-12.539,0.017,-24.261,-48.092,1755648000000
shentu,0.291871,5.7795323,25274724,0.1,46044911,149323498,17023704,118,113,231,15896945,0.6289661165043781,0.6289661165043781,2092,15749,certik,0.331536,48614386,809,49439422,5994595,0.348279,0.322164,-0.0167079,-4.798,-2518929,-4.926,146831867,149323756,0,3.94,1617732620345,0.211993,1750624296963,-1.09,-4.798,-3.394,-0.831,-2.007,-39.5,1755561600000
shentu,0.291805,5.7760695,25259776,0.1,46044396,149288113,17020165,118,113,231,15896611,0.629325097736417,0.629325097736417,1987,15622,certik,0.348024,51133314,799,51988731,3060889,0.355838,0.346039,-0.00285528,-0.814,-357139,-0.694,146831867,149288238,0,3.94,1617732620345,0.211993,1750624296963,0.169,-0.814,-4.782,8.99,4,-32.261,1755475200000
shentu,0.291729,5.7841803999999994,25244825,0.1,46045469,149252729,17016626,118,113,231,15896346,0.6296873121520945,0.6296873121520945,1942,15453,certik,0.350676,51490453,795,52339394,2227273,0.353438,0.338119,0.01172706,3.46,1722964,3.462,146831867,149252736,0,3.94,1617732620345,0.211993,1750624296963,-0.237,3.46,-0.707,12.703,4.496,-30.179,1755388800000
shentu,0.291652,5.7854944,25229884,0.1,46046683,149217375,17013091,118,113,231,15896095,0.6300502610317193,0.6300502610317193,1898,15410,certik,0.338944,49767489,797,50576096,2426942,0.349659,0.328968,0.0009089,0.269,220810,0.446,146831867,149217547,0,3.94,1617732620345,0.211993,1750624296963,-0.705,0.269,1.496,10.249,-0.956,-32.742,1755302400000
shentu,0.292594,5.789942,25214943,0.1,45887624,149182031,17009556,117,114,231,15895816,0.6304125295861268,0.6304125295861268,1822,15348,certik,0.337791,49484493,812,50276563,10135868,0.385433,0.331092,-0.03008562,-8.178,-4533602,-8.393,146831867,149182634,0,3.94,1617732620345,0.211993,1750624296963,1.138,-8.178,3.568,4.856,6.99,-37.007,1755216000000
shentu,0.291516,5.7791023,25200012,0.1,46046445,149146722,17006025,118,113,231,15895473,0.6307724377274107,0.6307724377274107,1822,15348,certik,0.367439,54018094,784,54869711,9755959,0.372908,0.355496,0.00993563,2.779,1454484,2.767,146831867,149146729,0,3.94,1617732620345,0.211993,1750624296963,-0.518,2.779,16.423,10.472,16.889,-33.196,1755129600000
shentu,0.29178,5.7851616,25185057,0.1,45993797,149111359,17002488,117,114,231,15895112,0.6311326593384323,0.6311326593384323,1636,15146,certik,0.357504,52563610,794,53379685,8961629,0.360284,0.334305,0.01526923,4.462,2282876,4.54,146831867,149111501,0,3.94,1617732620345,0.211993,1750624296963,0.067,4.462,14.189,1.909,13.335,-35.155,1755043200000
shentu,0.291583,5.7868786,25170130,0.1,46014103,149076079,16998960,117,114,231,15894782,0.6314938381327391,0.6314938381327391,1597,14937,certik,0.342234,50280734,806,51049263,4624727,0.365566,0.339428,-0.02149891,-5.911,-3140506,-5.879,146831867,149076157,0,3.94,1617732620345,0.211993,1750624296963,0.398,-5.911,2.731,-1.9,10.05,-35.998,1754956800000
shentu,0.292014,5.795741199999999,25155194,0.1,45935200,149040783,16995430,116,115,231,15894398,0.6318535249618826,0.6318535249618826,1538,14933,certik,0.363745,53421239,787,54224927,6013095,0.370341,0.345523,0.01181301,3.357,1750327,3.387,146831867,149040858,0,3.94,1617732620345,0.211993,1750624296963,-0.272,3.357,13.571,-2.533,15.191,-34.994,1754870400000
shentu,0.292006,5.7829912,25140284,0.1,45925646,149005549,16991907,116,115,231,15894022,0.6322133035569527,0.6322133035569527,1471,14887,certik,0.351695,51670912,799,52435871,4987596,0.363974,0.330785,0.01739393,5.203,2604689,5.309,146831867,149005632,0,3.94,1617732620345,0.211993,1750624296963,0.283,5.203,13.031,-7.388,12.306,-36.441,1754784000000
shentu,0.291367,5.7916362999999995,25125355,0.1,46015447,148970287,16988380,117,114,231,15893710,0.6325765347395091,0.6325765347395091,1471,14887,certik,0.334144,49053583,799,49768023,2669629,0.336075,0.323243,0.00715545,2.188,1062596,2.214,146831867,148970398,0,3.94,1617732620345,0.211993,1750624296963,-0.1,2.188,8.688,-8.274,13.759,-39.634,1754697600000
shentu,0.291301,5.797555399999999,25110447,0.1,46015060,148935082,16984859,117,114,231,15893374,0.6329387127198493,0.6329387127198493,1393,14797,certik,0.327173,47990987,810,48678410,2469617,0.326989,0.308501,0.01090799,3.449,1572895,3.389,146831867,148935087,0,3.94,1617732620345,0.211993,1750624296963,0.312,3.449,1.56,-10.358,15.185,-35.327,1754611200000
shentu,0.291233,5.797407499999999,25095546,0.1,46014861,148899895,16981341,117,114,231,15893108,0.6333039336940507,0.6333039336940507,1393,14797,certik,0.316263,46418093,803,47071939,1740964,0.322979,0.30736,0.00139774,0.444,142186,0.307,146831867,148900145,0,3.94,1617732620345,0.211993,1750624296963,0.523,0.444,-5.17,-15.831,10.939,-41.094,1754524800000
shentu,0.291223,5.7994524,25080644,0.1,46005580,148864723,16977823,116,115,231,15892906,0.6336721656748527,0.6336721656748527,1366,14751,certik,0.31489,46254420,796,46894814,2528871,0.336266,0.309889,-0.01795626,-5.395,-2627818,-5.376,146831867,148864761,0,3.94,1617732620345,0.211993,1750624296963,0.768,-5.395,-10.131,-27.375,12.249,-41.466,1754438400000
shentu,0.292319,5.7957528,25065751,0.1,45822222,148829572,16974308,116,115,231,15892721,0.6340412860560212,0.6340412860560212,1222,14460,certik,0.332719,48854987,780,49519691,2550246,0.335084,0.318811,0.01390849,4.363,2036115,4.349,146831867,148829609,0,3.94,1617732620345,0.211993,1750624296963,-0.123,4.363,-4.627,-20.451,20.829,-42.435,1754352000000
shentu,0.29393,5.7953899,25050841,0.1,45560331,148794393,16970790,113,118,231,15892455,0.6344080424285955,0.6344080424285955,1116,14536,certik,0.318798,46818873,789,47444650,7513721,0.334724,0.315277,-0.00071717,-0.224,-107911,-0.23,146831867,148794410,0,3.94,1617732620345,0.211993,1750624296963,-0.391,-0.224,-14.477,-22.321,13.498,-45.885,1754265600000
shentu,0.292197,5.7880763,25035930,0.1,45819707,148759220,16967273,116,115,231,15892153,0.634773823061496,0.634773823061496,1051,14569,certik,0.319444,46926783,773,47542824,4589473,0.320382,0.299928,0.01492686,4.902,2269422,5.082,146831867,148759433,0,3.94,1617732620345,0.211993,1750624296963,1.073,4.902,-15.881,-6.611,2.852,-47.01,1754179200000
shentu,0.292159,5.8030916,25021005,0.1,45814847,148724025,16963753,116,115,231,15891880,0.6351415540662735,0.6351415540662735,1007,14595,certik,0.304512,44678716,807,45254542,4746246,0.318135,0.297435,-0.01139274,-3.606,-1695916,-3.657,146831867,148724259,0,3.94,1617732620345,0.211993,1750624296963,1.749,-3.606,-16.341,-7.896,-3.088,-52.749,1754092800000
shentu,0.292283,5.8074689,25006118,0.1,45784593,148688924,16960242,116,115,231,15891555,0.6355066788055627,0.6355066788055627,1007,14595,certik,0.315835,46394361,800,46981186,2419263,0.349056,0.316102,-0.02244023,-6.634,-3295160,-6.631,146831867,148689089,0,3.94,1617732620345,0.211993,1750624296963,-1.467,-6.634,-12.483,-6.599,-0.16,-51.916,1754006400000
shentu,0.292219,5.7984556,24991241,0.1,45783883,148653854,16956735,116,115,231,15891283,0.6358741048513757,0.6358741048513757,1090,14643,certik,0.33823,49665048,784,50281378,3354190,0.351207,0.324762,-0.01290122,-3.674,-1846685,-3.585,146831867,148654011,0,3.94,1617732620345,0.211993,1750624296963,1.668,-3.674,-10.047,-0.013,-4.78,-49.08,1753920000000
shentu,0.292823,5.791494200000001,24976341,0.1,45678685,148618742,16953224,115,116,231,15891021,0.6362429548827828,0.6362429548827828,1077,14656,certik,0.350832,51511732,764,52118146,8191666,0.371887,0.345325,0.00386924,1.115,498313,0.977,146831867,148560423,0,3.94,1617732620345,0.211993,1750624296963,0.21,1.115,-18.791,10.143,-5.172,-48.562,1753833600000
shentu,0.291591,5.796025299999999,24961431,0.1,45860781,148583614,16949711,116,115,231,15890887,0.6366176282121006,0.6366176282121006,1030,14719,certik,0.347005,51013420,775,51613967,10133465,0.383813,0.346769,-0.02483473,-6.679,-3460793,-6.353,146831867,148560423,0,3.94,1617732620345,0.211993,1750624296963,-0.406,-6.679,-17.036,10.554,18.48,-50.269,1753747200000
shentu,0.291524,5.7966409,24946532,0.1,45860524,148548524,16946202,115,115,230,15890742,0.6369920275892457,0.6369920275892457,1020,14604,certik,0.371126,54474212,760,55111097,9027838,0.376202,0.360458,-0.00507544,-1.349,-923902,-1.668,146831867,148548552,0,3.94,1617732620345,0.211993,1750624296963,-0.644,-1.349,-9.571,17.654,43.565,-46.443,1753660800000
shentu,0.32383,5.7912163,24931626,0.1,45861754,148513419,16943924,115,115,230,15890496,0.6373630023168164,0.6373630023168164,1008,14551,certik,0.37731,55398114,743,56032574,7364991,0.394441,0.358582,0.0119974,3.284,1759342,3.28,146831867,148513494,0,3.94,1617732620345,0.211993,1750624296963,-1.002,3.284,10.306,21.329,39.875,-46.457,1753574400000
shentu,0.323743,5.8020547,24916714,0.1,45863159,148478312,16943924,115,115,230,15890268,0.6377352968774294,0.6377352968774294,991,14497,certik,0.365312,53638771,752,54240282,5214014,0.3654,0.347075,0.00978073,2.751,1438043,2.755,146831867,148478454,0,3.94,1617732620345,0.211993,1750624296963,0.399,2.751,10.494,15.687,40.614,-46.568,1753488000000
shentu,0.335238,5.8001735,24901810,0.1,44280207,148443224,16943924,113,117,230,15890038,0.6381077520067818,0.6381077520067818,963,14431,certik,0.355444,52186120,758,52758855,5299175,0.380026,0.354888,-0.02012555,-5.359,-2936855,-5.328,146831867,148443323,0,3.94,1617732620345,0.211993,1750624296963,-1.503,-5.359,5.114,13.503,45.814,-51.437,1753401600000
shentu,0.333931,5.7771212,24886911,0.1,44442953,148408160,16943924,113,117,230,15889792,0.63847988205527,0.63847988205527,930,14412,certik,0.375533,55145170,737,55737226,11583767,0.444961,0.365155,-0.05343415,-12.456,-7829578,-12.433,146831867,148408299,0,3.94,1617732620345,0.211993,1750624296963,-0.169,-12.456,11.015,27.85,56.591,-48.494,1753315200000
shentu,0.34114,5.8770986,24871942,0.1,43493517,148372942,16943924,107,123,230,15889504,0.6388525672824422,0.6388525672824422,895,14361,certik,0.428112,62913754,705,63574102,46887771,0.514785,0.414134,0.01110347,2.663,1648768,2.691,146831867,148373027,0,3.94,1617732620345,0.211993,1750624296963,-0.903,2.663,34.406,50.75,92.56,-45.08,1753228800000
shentu,0.333033,5.8081534,24857164,0.1,44541806,148338194,16941686,117,113,230,15889101,0.6392161631954474,0.6392161631954474,895,14361,certik,0.416457,61264986,710,61893542,17333433,0.435567,0.3919,-0.00120454,-0.288,436551,0.718,146831867,148338307,0,3.94,1617732620345,0.211993,1750624296963,-1.714,-0.288,32.681,46.085,79.431,-38.006,1753142400000
shentu,0.341345,5.7925267,24842277,0.1,43446959,148303176,16937686,116,114,230,15888775,0.6395860975223809,0.6395860975223809,871,14339,certik,0.416153,60828435,709,61328347,18698897,0.415133,0.341838,0.072201,20.992,10328514,20.453,147094274,148303152,0,3.94,1617732620345,0.211993,1750624296963,0.851,20.992,31.928,48.347,71.322,-38.511,1753056000000
shentu,0.337591,5.8091219,24827357,0.1,43919637,148268110,16933681,117,113,230,15888494,0.63995913862277,0.63995913862277,871,14339,certik,0.343638,50536582,762,50939880,6350464,0.343621,0.325251,0.01204335,3.632,1794217,3.681,147094274,148268134,0,3.94,1617732620345,0.211993,1750624296963,0.462,3.632,10.501,24.794,40.761,-48.764,1752969600000
shentu,0.338128,5.795097800000001,24802822,0.1,43832907,148210487,16927100,116,114,230,15888172,0.6405792050598114,0.6405792050598114,842,14323,certik,0.344273,50602849,772,50986612,9315357,0.351354,0.326617,0.01023941,3.065,1494795,3.044,147094274,148209811,0,3.94,1617732620345,0.211993,1750624296963,-0.928,3.065,8.196,14.535,47.63,-46.531,1752883200000
shentu,0.328103,5.7924839,24797560,0.1,45168309,148198076,16925683,117,113,230,15888090,0.6407118280992162,0.6407118280992162,837,14315,certik,0.339462,49931495,771,50306250,9309673,0.340618,0.32583,0.0009536,0.282,3151,0.006,147094274,148198273,0,3.94,1617732620345,0.211993,1750624296963,0.362,0.282,8.399,9.297,48.282,-47.576,1752796800000
shentu,0.327782,5.7863359,24782639,0.1,45201892,148163018,16921679,116,113,229,15887885,0.6410893125627178,0.6410893125627178,824,14298,certik,0.338961,49928344,770,50291141,13499335,0.351248,0.319874,0.01515074,4.679,2240940,4.699,147094274,148163112,0,3.94,1617732620345,0.211993,1750624296963,0.236,4.679,15.399,7.875,40.303,-48.765,1752710400000
shentu,0.327708,5.7802568,24767700,0.1,45201448,148127927,16917671,116,113,229,15887579,0.6414636401442201,0.6414636401442201,814,14296,certik,0.323912,47675461,773,48010512,10102413,0.324196,0.297466,0.01147399,3.672,1701539,3.701,147094274,148128014,0,3.94,1617732620345,0.211993,1750624296963,1.844,3.672,14.058,1.941,31.426,-51.454,1752624000000
shentu,0.327621,5.770681,24752745,0.1,45202735,148092804,16913660,116,113,229,15887406,0.6418442075818258,0.6418442075818258,814,14296,certik,0.312511,45973922,771,46286024,6222835,0.327593,0.310247,-0.00455701,-1.437,-670366,-1.437,147094274,148092848,0,3.94,1617732620345,0.211993,1750624296963,-0.575,-1.437,9.623,-12.021,26.463,-51.646,1752537600000
shentu,0.328971,5.7984907,24737772,0.1,45006489,148057654,16909645,114,115,229,15887260,0.6422267939085218,0.6422267939085218,795,14292,certik,0.317102,46471021,770,46775373,2527091,0.324429,0.313381,0.00317117,1.01,480122,1.044,147094274,148057637,0,3.94,1617732620345,0.211993,1750624296963,0.479,1.01,13.038,-14.289,27.04,-50.59,1752451200000
shentu,0.327666,5.7873701,24722853,0.1,45175114,148022636,16905646,115,113,228,15887090,0.6426074692916711,0.6426074692916711,776,14276,certik,0.313764,46152860,767,46444216,4257792,0.325543,0.303072,-0.00426338,-1.341,-624984,-1.336,147094274,148022857,0,3.94,1617732620345,0.211993,1750624296963,0.955,-1.341,13.945,7.13,17.049,-50.204,1752364800000
shentu,0.326637,5.7792655,24707924,0.1,45306656,147987597,16901644,116,112,228,15886937,0.642989552663348,0.642989552663348,761,14262,certik,0.31797,46777844,762,47061945,6685117,0.335712,0.307611,0.00548952,1.757,871290,1.898,147094274,147987637,0,3.94,1617732620345,0.211993,1750624296963,0.798,1.757,12.246,23.002,13.059,-48.826,1752278400000
shentu,0.326536,5.7967801,24692989,0.1,45309904,147952547,16897641,116,112,228,15886700,0.6433688525921265,0.6433688525921265,761,14262,certik,0.312486,45906554,770,46174413,4498100,0.31453,0.291066,0.01696904,5.742,2501260,5.763,147094274,147952552,0,3.94,1617732620345,0.211993,1750624296963,-0.215,5.742,0.612,15.844,3.582,-51.337,1752192000000
shentu,0.326457,5.7824938,24678079,0.1,45310197,147917597,16893649,116,112,228,15886514,0.643750026085904,0.643750026085904,732,14243,certik,0.295524,43477878,771,43721261,3479236,0.295668,0.279647,0.01095046,3.848,1610610,3.847,147094274,147917686,0,3.94,1617732620345,0.211993,1750624296963,0.815,3.848,-5.948,13.752,-0.022,-53.302,1752105600000
shentu,0.326393,5.7902269,24663128,0.1,45308300,147882533,16889645,116,112,228,15886365,0.6441342314729908,0.6441342314729908,723,14236,certik,0.284574,41867268,765,42091659,3125070,0.285162,0.274065,-0.00009625,-0.034,-7757,-0.019,147094274,147882638,0,3.94,1617732620345,0.211993,1750624296963,0.206,-0.034,-10.439,16.741,-0.204,-55.6,1752019200000
shentu,0.326322,5.7714975,24648191,0.1,45307475,147847515,16885645,116,112,228,15886231,0.6445191454415458,0.6445191454415458,705,14231,certik,0.284674,41875024,761,42089531,3592433,0.293791,0.274137,0.00616236,2.213,920454,2.248,147094274,147847772,0,3.94,1617732620345,0.211993,1750624296963,-0.115,2.213,-19.857,18.705,-3.135,-52.936,1751932800000
shentu,0.326231,5.7740399,24633221,0.1,45309316,147812428,16881638,116,112,228,15886059,0.644903847531754,0.644903847531754,693,14228,certik,0.278438,40954570,773,41154526,2572056,0.281968,0.273181,0.00370718,1.349,536815,1.328,147094274,147812444,0,3.94,1617732620345,0.211993,1750624296963,-0.747,1.349,-24.74,25.238,-0.937,-57.471,1751846400000
shentu,0.326164,5.7730423,24618264,0.1,45307842,147777379,16877635,116,112,228,15885894,0.6452889610737784,0.6452889610737784,681,14225,certik,0.274787,40417756,775,40605500,2458967,0.285441,0.274042,-0.00806181,-2.85,-1211249,-2.91,147094274,147777541,0,3.94,1617732620345,0.211993,1750624296963,-0.277,-2.85,-6.178,18.393,-1.645,-55.872,1751760000000
shentu,0.326083,5.7713225,24603297,0.1,45308460,147742316,16873631,116,112,228,15885758,0.6456759839951531,0.6456759839951531,681,14225,certik,0.282807,41629005,761,41812477,5366468,0.310462,0.279192,-0.0270155,-8.72,-3941836,-8.65,147094274,147742566,0,3.94,1617732620345,0.211993,1750624296963,-0.129,-8.72,9.4,16.426,-9.593,-55.901,1751673600000
shentu,0.326005,5.8042919,24588336,0.1,45308438,147707277,16869629,116,112,228,15885567,0.6460610835967102,0.6460610835967102,677,14225,certik,0.309829,45570840,744,45760799,8920702,0.337593,0.306312,-0.00465064,-1.479,-651391,-1.409,147094274,147707427,0,3.94,1617732620345,0.211993,1750624296963,-0.01,-1.479,14.859,26.912,-4.066,-55.844,1751587200000
shentu,0.325241,5.7830203000000004,24573446,0.1,45404233,147642536,16865420,117,111,228,15885362,0.6464442146209367,0.6464442146209367,673,14223,certik,0.314323,46222231,732,46403896,4864225,0.323673,0.302396,-0.00422311,-1.326,-640909,-1.368,147094274,147672394,0,3.94,1617732620345,0.211993,1750624296963,0.031,-1.326,20.987,24.508,-3.319,-55.737,1751500800000
shentu,0.325183,5.7807378,24558503,0.1,45401596,147637428,16861651,117,111,228,15885207,0.6468312421160198,0.6468312421160198,656,14220,certik,0.318527,46863139,704,47036245,5534887,0.355462,0.307091,-0.03693554,-10.391,-5437001,-10.396,147094274,147637618,0,3.94,1617732620345,0.211993,1750624296963,-0.44,-10.391,30.669,39.137,0.257,-55.36,1751414400000
shentu,0.325553,5.7877282,24543563,0.1,45339264,147602459,16857657,117,111,228,15884898,0.6472123872153362,0.6472123872153362,554,14059,certik,0.355761,52300140,673,52480907,13015648,0.386611,0.352671,-0.0156581,-4.216,-2427081,-4.435,147094274,147602681,0,3.94,1617732620345,0.211993,1750624296963,0.155,-4.216,48.347,47.257,11.71,-52.669,1751328000000
shentu,0.325476,5.776119400000001,24528622,0.1,45339195,147567505,16853666,117,111,228,15884557,0.6475927184168764,0.6475927184168764,527,14040,certik,0.370824,54727221,668,54903315,51432748,0.391503,0.290445,0.077788,26.546,11613068,26.936,147094274,147567577,0,3.94,1617732620345,0.211993,1750624296963,0.157,26.546,66.792,50.461,15.248,-48.025,1751241600000
shentu,0.323758,5.7905835,24513673,0.1,45568921,147532536,16849672,118,110,228,15883918,0.6479615682235788,0.6479615682235788,519,14037,certik,0.293014,43114152,751,43242623,5183796,0.295085,0.257105,0.03380573,13.042,4979480,13.058,147094274,147532582,0,3.94,1617732620345,0.211993,1750624296963,0.033,13.042,26.246,18.573,-15.975,-59.058,1751155200000
shentu,0.323726,5.7880996,24498752,0.1,45562759,147497635,16845687,118,110,228,15883757,0.6483496383815796,0.6483496383815796,519,14037,certik,0.259207,38134672,784,38239261,4258366,0.269236,0.256382,-0.00994485,-3.695,-1396449,-3.533,147094274,147497699,0,3.94,1617732620345,0.211993,1750624296963,0.181,-3.695,6.71,3.846,-26.079,-65.929,1751068800000
shentu,0.32739,5.7936862,24483831,0.1,45042074,147462746,16841702,119,109,228,15883593,0.6487380590071873,0.6487380590071873,517,14029,certik,0.268723,39531120,769,39630157,11876568,0.296448,0.259353,0.00936978,3.613,1380793,3.619,147094274,147462786,0,3.94,1617732620345,0.211993,1750624296963,-0.376,3.613,10.074,0.247,-24.869,-64.697,1750982400000
shentu,0.327316,5.7924166,24468915,0.1,45041722,147427874,16837719,119,109,228,15883177,0.6491165219217935,0.6491165219217935,502,14021,certik,0.259351,38150327,786,38236903,7068677,0.271273,0.242639,0.01522437,6.236,2232012,6.214,147094274,147428080,0,3.94,1617732620345,0.211993,1750624296963,-0.18,6.236,2.733,-7.783,-25.476,-67.188,1750896000000
shentu,0.327291,5.7905131,24453997,0.1,45034493,147393010,16833737,119,109,228,15882962,0.6495037191670547,0.6495037191670547,491,14002,certik,0.244243,35918315,821,35991295,4030472,0.251842,0.241074,0.00262053,1.085,383014,1.078,147094274,147393144,0,3.94,1617732620345,0.211993,1750624296963,0.267,1.085,6.689,-19.039,-30.799,-68.3,1750809600000
shentu,0.327215,5.7935641,24439074,0.1,45034290,147358139,16829755,119,109,228,15882848,0.6498956548026329,0.6498956548026329,491,14002,certik,0.2414,35484271,829,35547933,4539643,0.241244,0.219595,0.01853081,8.315,2684443,8.184,147094274,147358176,0,3.94,1617732620345,0.211993,1750624296963,0.851,8.315,-0.079,-18.333,-31.528,-69.408,1750723200000
shentu,0.327174,5.7911099,24424160,0.1,45029290,147323298,16825776,119,109,228,15882704,0.650286601463469,0.650286601463469,489,13992,certik,0.222897,32799828,832,32850921,5297657,0.235253,0.211993,-0.00817052,-3.536,-1047935,-3.096,147094274,147323406,0,3.94,1617732620345,0.211993,1750624296963,0.257,-3.536,-9.56,-21.833,-38.449,-73.419,1750636800000
shentu,0.327103,5.7949332,24409241,0.1,45028378,147288457,16821796,119,109,228,15882591,0.6506794291555399,0.6506794291555399,500,13992,certik,0.231061,33847762,826,33892465,2554893,0.24973,0.228806,-0.0117955,-4.857,-1846806,-5.174,147094274,147288541,0,3.94,1617732620345,0.22407,1750180843085,-0.489,-4.857,-6.497,-21.377,-38.777,-69.33,1750550400000
shentu,0.327027,5.787999,24394324,0.1,45028134,147253629,16817819,119,109,228,15882476,0.6510726019708519,0.6510726019708519,507,13990,certik,0.242787,35694567,816,35733295,3736777,0.250832,0.239145,-0.00133525,-0.547,-214283,-0.597,147094274,147253869,0,3.94,1617732620345,0.22407,1750180843085,-0.059,-0.547,-2.733,-13.621,-31.757,-68.03,1750464000000
shentu,0.327065,5.7910279000000005,24379398,0.1,45012284,147218785,16813839,119,109,228,15882340,0.6514656350415216,0.6514656350415216,510,13983,certik,0.244121,35919754,824,35950199,4931028,0.251116,0.241639,-0.00265214,-1.075,-436768,-1.201,147094274,147218949,0,3.94,1617732620345,0.22407,1750180843085,-0.071,-1.075,-8.931,-12.621,-29.521,-70.099,1750377600000
shentu,0.327131,5.8026596,24364497,0.1,44992590,147184011,16809868,119,109,228,15882217,0.6518590143683245,0.6518590143683245,513,13983,certik,0.246774,36356522,820,36378757,8711735,0.25277,0.224656,0.01462623,6.3,2208560,6.468,147094274,147184235,0,3.94,1617732620345,0.22407,1750180843085,-2.249,6.3,-12.255,-21.112,-27.837,-70.327,1750291200000
shentu,0.327065,5.797098399999999,24349596,0.1,44991036,147149242,16805897,119,109,228,15882047,0.6522509449438093,0.6522509449438093,511,13983,certik,0.23209,34151357,855,34164161,4247706,0.241614,0.22407,-0.0091809,-3.805,-1498871,-4.204,147094274,147149422,0,3.94,1617732620345,0.22407,1750180843085,0.926,-3.805,-23.067,-28.137,-33.223,-69.236,1750204800000
shentu,0.329003,5.783983800000001,24334682,0.1,44715480,147114444,16801922,118,110,228,15881906,0.6526448958733054,0.6526448958733054,511,13983,certik,0.241548,35548667,846,35553549,4546943,0.253738,0.241356,-0.00642846,-2.592,-775745,-2.136,147094274,147114472,0,3.94,1617732620345,0.238777,1749920455166,0.079,-2.592,-18.283,-25.704,-29.579,-71.615,1750118400000
shentu,0.328927,5.7819279,24319740,0.1,44715110,147079599,16797943,118,110,228,15881774,0.6530404519127261,0.6530404519127261,519,13977,certik,0.247901,36324411,833,36476756,2280955,0.251735,0.241005,-0.00078343,-0.315,-116166,-0.319,146465406,147079683,0,3.94,1617732620345,0.238777,1749920455166,0.555,-0.315,-13.064,-21.973,-31.423,-71.559,1750032000000
shentu,0.327295,5.7845042,24304806,0.1,44927540,147044778,16793966,119,109,228,15881657,0.6534368963899568,0.6534368963899568,522,13976,certik,0.248689,36440577,824,36584772,2404713,0.253509,0.238777,-0.00382268,-1.514,-549259,-1.485,146465406,147044971,0,3.94,1617732620345,0.238777,1749920455166,0.632,-1.514,-15.379,-21.911,-31.226,-69.628,1749945600000
shentu,0.327229,5.7977165,24289869,0.1,44925928,147009958,16789989,119,109,228,15881523,0.6538332092280942,0.6538332092280942,522,13976,certik,0.252626,36990619,828,37128204,4115809,0.266582,0.240689,-0.01395572,-5.235,-2056386,-5.266,146465406,147010177,0,3.94,1617732620345,0.240689,1749819916010,0.908,-5.235,-10.12,-21.487,-36.035,-69.795,1749859200000
shentu,0.327157,5.7794463,24274960,0.1,44925167,146975214,16786021,119,109,228,15881368,0.6542283900776767,0.6542283900776767,526,13970,certik,0.266855,39110953,812,39247135,2895278,0.284184,0.266491,-0.01656878,-5.846,-2440541,-5.874,146465406,146975391,0,3.94,1617732620345,0.266491,1749761788994,-0.41,-5.846,-4.484,-23.477,-35.339,-64.158,1749772800000
shentu,0.329138,5.7897753,24260012,0.1,44644163,146940388,16782043,118,110,228,15881251,0.6546266753701523,0.6546266753701523,525,13964,certik,0.283423,41485221,802,41619785,2090432,0.301839,0.280828,-0.01720579,-5.723,-2589822,-5.876,146465406,146940493,0,3.94,1617732620345,0.27389,1749459063661,0.731,-5.723,-9.396,-19.173,-29.304,-65.581,1749686400000